task_category_code,group,label_pt,label_en,description_pt,verbs_pt,verbs_en,verbs_es,notes
childcare,caregiving,Cuidado com Crianças,Childcare,"Alimentar, vestir, brincar, banho de criança",alimentar|vestir|dar banho|trocar fralda|brincar|ninar|acalmar|supervisionar,feed|dress|bathe|change diaper|play|soothe|calm|supervise,alimentar|vestir|bañar|cambiar pañal|jugar|arrullar|calmar|supervisar,
eldercare,caregiving,Cuidado com Idosos,Eldercare,"Assistência a idosos, mobilidade, medicação",auxiliar mobilidade|administrar medicação|alimentar|higienizar|acompanhar|monitorar|conversar,assist mobility|administer medication|feed|clean|accompany|monitor|converse,asistir movilidad|administrar medicación|alimentar|higienizar|acompañar|monitorear|conversar,
pet_care,caregiving,Cuidado com Pets,Pet Care,"Alimentar, dar banho, passear, brincar com pet",alimentar|dar água|dar banho|escovar|passear|brincar|limpar caixa|aparar unhas,feed|water|bathe|brush|walk|play|clean litter|trim nails,alimentar|dar agua|bañar|cepillar|pasear|jugar|limpiar arenero|cortar uñas,
pet_training,caregiving,Adestramento,Pet Training,"Comandos, reforço positivo, socialização",comandar|recompensar|corrigir|socializar|repetir|guiar na coleira,command|reward|correct|socialize|repeat|leash guide,ordenar|recompensar|corregir|socializar|repetir|guiar con correa,
plant_care,caregiving,Cuidado com Plantas,Plant Care,"Regar, podar, adubar plantas domésticas",regar|podar|adubar|replantar|remover folhas secas|pulverizar|inspecionar pragas,water|prune|fertilize|repot|remove dead leaves|spray|inspect for pests,regar|podar|abonar|trasplantar|quitar hojas secas|pulverizar|inspeccionar plagas,
carrying,errands,Transporte Manual,Carrying,"Carregar, mover objetos entre locais",levantar|carregar|empilhar|transportar|descarregar|posicionar,lift|carry|stack|transport|unload|position,levantar|cargar|apilar|transportar|descargar|posicionar,
shopping,errands,Compras,Shopping,"Selecionar produtos, checkout, carregar compras",listar|procurar|selecionar|comparar|pesar|pagar|ensacar|carregar,list|browse|select|compare|weigh|pay|bag|carry,listar|buscar|seleccionar|comparar|pesar|pagar|embolsar|cargar,
baking,food,Panificação,Baking,Subcategoria de cooking — assar no forno,medir|misturar|sovar|modelar|deixar crescer|assar|decorar|desenformar,measure|mix|knead|shape|proof|bake|decorate|unmold,medir|mezclar|amasar|dar forma|leudar|hornear|decorar|desmoldar,
beverage_preparation,food,Preparo de Bebidas,Beverage Preparation,"Café, suco, drinks",medir|moer|ferver|coar|misturar|servir|adoçar|gelar,measure|grind|boil|strain|mix|serve|sweeten|chill,medir|moler|hervir|colar|mezclar|servir|endulzar|enfriar,
cooking,food,Cozimento,Cooking,"Aplicar calor — fogão, forno, micro-ondas, grelha",aquecer|fritar|refogar|ferver|grelhar|assar|temperar|provar|mexer,heat|fry|sauté|boil|grill|roast|season|taste|stir,calentar|freír|sofreír|hervir|asar a la parrilla|hornear|sazonar|probar|revolver,
eating,food,Consumo de Alimentos,Eating,"Comer, beber, degustar",servir-se|mastigar|beber|degustar|cortar|usar talheres,serve oneself|chew|drink|taste|cut|use utensils,servirse|masticar|beber|degustar|cortar|usar cubiertos,
food_preparation,food,Preparo de Alimentos,Food Preparation,"Separar, lavar, cortar, medir ingredientes (antes do cozimento)",separar|lavar|descascar|cortar|picar|medir|marinar|misturar,separate|wash|peel|cut|chop|measure|marinate|mix,separar|lavar|pelar|cortar|picar|medir|marinar|mezclar,
food_serving,food,Servir Alimentos,Food Serving,"Empratar, servir, montar mesa",empratar|porcionar|decorar|montar mesa|servir|distribuir,plate|portion|garnish|set table|serve|distribute,emplatar|porcionar|decorar|poner la mesa|servir|distribuir,
assembly,handiwork,Montagem,Assembly,"Montar móveis, brinquedos, kits",desembalar|separar peças|ler instruções|alinhar|parafusar|encaixar|apertar,unbox|sort parts|read instructions|align|screw|fit|tighten,desembalar|separar piezas|leer instrucciones|alinear|atornillar|encajar|apretar,
crafting,handiwork,Trabalho Manual,Crafting,"Artesanato, costura, tricô, DIY",medir|cortar|colar|costurar|tricotar|pintar|modelar|decorar,measure|cut|glue|sew|knit|paint|mold|decorate,medir|cortar|pegar|coser|tejer|pintar|moldear|decorar,
maintenance,handiwork,Manutenção,Maintenance,"Consertar, trocar peças, lubrificar",inspecionar|limpar|lubrificar|ajustar|trocar peça|testar,inspect|clean|lubricate|adjust|replace part|test,inspeccionar|limpiar|lubricar|ajustar|cambiar pieza|probar,
repair,handiwork,Reparo,Repair,Subcategoria de maintenance — consertos específicos,diagnosticar|desmontar|consertar|soldar|colar|remontar|testar,diagnose|disassemble|fix|solder|glue|reassemble|test,diagnosticar|desmontar|reparar|soldar|pegar|remontar|probar,
cleaning,housekeeping,Limpeza,Cleaning,"Remover sujeira de superfícies, objetos, ambientes",varrer|aspirar|passar pano|esfregar|tirar pó|desinfetar|polir,sweep|vacuum|mop|scrub|dust|disinfect|polish,barrer|aspirar|trapear|fregar|quitar el polvo|desinfectar|pulir,
dishwashing,housekeeping,Lavagem de Louça,Dishwashing,Lavar utensílios e louças,recolher|raspar restos|ensaboar|esfregar|enxaguar|secar|guardar,collect|scrape|soap|scrub|rinse|dry|put away,recoger|raspar restos|enjabonar|fregar|enjuagar|secar|guardar,
laundry,housekeeping,Lavagem de Roupas,Laundry,"Coletar, lavar, secar, dobrar, guardar roupas",separar|pré-tratar manchas|lavar|centrifugar|estender|secar|passar|dobrar|guardar,sort|pretreat stains|wash|spin|hang|dry|iron|fold|put away,separar|pretratar manchas|lavar|centrifugar|tender|secar|planchar|doblar|guardar,
tidying,housekeeping,Organização,Tidying,"Arrumar, guardar, posicionar objetos sem necessariamente limpar",recolher|agrupar|organizar|guardar|alinhar|etiquetar,pick up|group|organize|put away|align|label,recoger|agrupar|organizar|guardar|alinear|etiquetar,
waste_management,housekeeping,Descarte / Lixo,Waste Management,"Separar, descartar, levar lixo",separar|ensacar|compactar|levar para fora|reciclar|compostar,sort|bag|compact|take out|recycle|compost,separar|embolsar|compactar|sacar|reciclar|compostar,
commuting,mobility,Deslocamento,Commuting,"Caminhada, transporte entre locais",caminhar|esperar|embarcar|atravessar|subir escada|desembarcar,walk|wait|board|cross|climb stairs|disembark,caminar|esperar|abordar|cruzar|subir escaleras|desembarcar,
driving,mobility,Dirigir,Driving,Operar veículo,dar partida|engatar|acelerar|frear|estacionar|sinalizar|manobrar|abastecer,start|shift gear|accelerate|brake|park|signal|maneuver|refuel,arrancar|cambiar marcha|acelerar|frenar|estacionar|señalizar|maniobrar|repostar,
gardening,outdoor_work,Jardinagem,Gardening,"Cultivo, paisagismo, horta externa",cavar|plantar|regar|podar|adubar|colher|remover ervas daninhas|cortar grama,dig|plant|water|prune|fertilize|harvest|weed|mow,cavar|plantar|regar|podar|abonar|cosechar|desherbar|cortar césped,
studying,productive,Estudo,Studying,"Leitura, anotações, exercícios",ler|anotar|grifar|resolver exercícios|resumir|revisar|memorizar,read|take notes|highlight|solve exercises|summarize|review|memorize,leer|anotar|subrayar|resolver ejercicios|resumir|revisar|memorizar,
working_desk,productive,Trabalho de Escritório,Desk Work,"Computador, leitura, escrita, reunião",digitar|ler|escrever|revisar|reunir|apresentar|responder email|planejar,type|read|write|review|meet|present|reply email|plan,teclear|leer|escribir|revisar|reunir|presentar|responder email|planificar,
exercise,recreation,Exercício Físico,Exercise,"Musculação, cardio, alongamento",aquecer|alongar|correr|pedalar|levantar peso|agachar|respirar|desaquecer,warm up|stretch|run|cycle|lift weights|squat|breathe|cool down,calentar|estirar|correr|pedalear|levantar pesas|sentadillas|respirar|enfriar,
leisure,recreation,Lazer,Leisure,"TV, jogos, relaxamento",assistir|jogar|ler|relaxar|ouvir|navegar,watch|play|read|relax|listen|browse,ver|jugar|leer|relajarse|escuchar|navegar,
music_practice,recreation,Prática Musical,Music Practice,"Tocar instrumento, cantar",afinar|aquecer|tocar|cantar|gravar|repetir trecho|improvisar|ler partitura,tune|warm up|play|sing|record|repeat passage|improvise|read sheet music,afinar|calentar|tocar|cantar|grabar|repetir pasaje|improvisar|leer partitura,
sports,recreation,Prática Esportiva,Sports,"Esportes específicos (futebol, tênis, etc.)",aquecer|correr|chutar|rebater|passar|defender|pontuar|descansar,warm up|run|kick|hit|pass|defend|score|rest,calentar|correr|patear|batear|pasar|defender|anotar|descansar,
grooming,self_care,Higiene e Arrumação,Grooming,"Pentear, barbear, cortar unhas",pentear|escovar cabelo|barbear|depilar|cortar unhas|limar|aplicar produto,comb|brush hair|shave|wax|trim nails|file|apply product,peinar|cepillar cabello|afeitar|depilar|cortar uñas|limar|aplicar producto,
health_care,self_care,Cuidado com Saúde,Health Care,"Tomar medicamento, aferir pressão, curativo",medir pressão|medir glicemia|tomar medicamento|aplicar curativo|aplicar pomada|medir temperatura|registrar sintoma,measure blood pressure|measure blood sugar|take medication|apply bandage|apply ointment|measure temperature|log symptom,medir presión|medir glucosa|tomar medicamento|aplicar vendaje|aplicar pomada|medir temperatura|registrar síntoma,
personal_care,self_care,Cuidado Pessoal,Personal Care,"Banho, escovar dentes, maquiagem, vestir-se",tomar banho|escovar dentes|passar fio dental|lavar rosto|hidratar pele|vestir-se|maquiar-se,shower|brush teeth|floss|wash face|moisturize|dress|apply makeup,ducharse|cepillar dientes|usar hilo dental|lavarse la cara|hidratar piel|vestirse|maquillarse,
communication,social,Comunicação,Communication,"Conversar, telefonar, videochamada",ligar|atender|mensagear|videochamar|escutar|responder,call|answer|message|video call|listen|reply,llamar|contestar|mensajear|videollamar|escuchar|responder,
socializing,social,Socialização,Socializing,"Conversas em grupo, recepção de visitas",cumprimentar|conversar|receber|apresentar|escutar|debater|despedir-se,greet|chat|host|introduce|listen|discuss|say goodbye,saludar|conversar|recibir|presentar|escuchar|debatir|despedirse,
